Equipo,Peso,Tipo_Equipo,Fecha,Resultado_1X2,avg_Goles_esperados_(xG)_total,avg_Posesión_total,avg_Remates_a_puerta_total,avg_Córneres_total,avg_Tarjetas_amarillas_total,avg_Faltas_total,avg_Paradas_total,avg_Pases_Pct_total,avg_Pases_Exitosos_total,avg_Goles_total,avg_Ptos_total,avg_xGA_total,avg_xG_Share_total,avg_Remates_Puerta_Share_total,avg_Corneres_Share_total,avg_Paradas_Share_total,avg_Pases_Exitosos_Share_total,avg_Goles_Share_total,avg_Puntos_Share_total,avg_Valor_Mercado_Millones_Eur_Share_total,avg_h2h_win_rate_total,avg_h2h_goles_avg_total,avg__sentinel_total,avg_Puntos_total,avg_Goles_esperados_(xG)_2,avg_Posesión_2,avg_Remates_a_puerta_2,avg_Córneres_2,avg_Tarjetas_amarillas_2,avg_Faltas_2,avg_Paradas_2,avg_Pases_Pct_2,avg_Pases_Exitosos_2,avg_Goles_2,avg_Ptos_2,avg_xGA_2,avg_xG_Share_2,avg_Remates_Puerta_Share_2,avg_Corneres_Share_2,avg_Paradas_Share_2,avg_Pases_Exitosos_Share_2,avg_Goles_Share_2,avg_Puntos_Share_2,avg_Valor_Mercado_Millones_Eur_Share_2,avg_h2h_win_rate_2,avg_h2h_goles_avg_2,avg__sentinel_2,avg_Puntos_2,avg_Goles_esperados_(xG)_3,avg_Posesión_3,avg_Remates_a_puerta_3,avg_Córneres_3,avg_Tarjetas_amarillas_3,avg_Faltas_3,avg_Paradas_3,avg_Pases_Pct_3,avg_Pases_Exitosos_3,avg_Goles_3,avg_Ptos_3,avg_xGA_3,avg_xG_Share_3,avg_Remates_Puerta_Share_3,avg_Corneres_Share_3,avg_Paradas_Share_3,avg_Pases_Exitosos_Share_3,avg_Goles_Share_3,avg_Puntos_Share_3,avg_Valor_Mercado_Millones_Eur_Share_3,avg_h2h_win_rate_3,avg_h2h_goles_avg_3,avg__sentinel_3,avg_Puntos_3,avg_Goles_esperados_(xG)_5,avg_Posesión_5,avg_Remates_a_puerta_5,avg_Córneres_5,avg_Tarjetas_amarillas_5,avg_Faltas_5,avg_Paradas_5,avg_Pases_Pct_5,avg_Pases_Exitosos_5,avg_Goles_5,avg_Ptos_5,avg_xGA_5,avg_xG_Share_5,avg_Remates_Puerta_Share_5,avg_Corneres_Share_5,avg_Paradas_Share_5,avg_Pases_Exitosos_Share_5,avg_Goles_Share_5,avg_Puntos_Share_5,avg_Valor_Mercado_Millones_Eur_Share_5,avg_h2h_win_rate_5,avg_h2h_goles_avg_5,avg__sentinel_5,avg_Puntos_5,clean_sheet_rate_5,trend_xG_5,forma_vs_historia,Puntos,Valor_Mercado_Millones_Eur
Suiza,1.0,Local,2026-06-24 00:01:00,1,1.5659803921568627,0.5701960784313725,4.627450980392157,5.588235294117647,1.9019607843137254,11.372549019607844,2.372549019607843,0.8649019607843137,482.72549019607845,1.7058823529411764,1.6470588235294117,1.0270392156862744,0.6054085935510556,0.5880605777664601,0.5758877964646495,0.4504746342981637,0.6012180304326101,0.5857142857142857,0.5265791027184762,0.6102948546733867,0.3758169934640523,1.5599246945154874,0.0,1634.131568627451,1.5899999999999996,0.585,5.5,4.5,1.0,13.0,4.0,0.855,442.5,3.0,3.0,0.9450000000000002,0.6512205083095096,0.5318181818181819,0.4611111111111111,0.5750000000000002,0.6095763932129514,0.7333333333333334,0.5289543931483089,0.6601970500684788,0.3333333333333333,1.6008454106280192,0.0,1649.4,2.126666666666667,0.6166666666666667,6.0,6.333333333333333,1.0,12.333333333333334,3.6666666666666665,0.8733333333333334,470.6666666666667,2.3333333333333335,2.3333333333333335,0.8300000000000001,0.714848759925638,0.5878787878787878,0.5638176638176637,0.5083333333333333,0.6480165409131736,0.6555555555555556,0.529742010143558,0.7546292520275547,0.3333333333333333,1.6008454106280192,0.0,1649.4,1.7080000000000002,0.608,4.4,5.6,1.4200000000000002,11.0,2.6,0.8779999999999999,500.8,1.6,1.8,0.806,0.6632276233023215,0.5727272727272726,0.5605128205128205,0.4716666666666667,0.6302709899143135,0.5933333333333334,0.5231387151982656,0.6870812288714354,0.3333333333333333,1.6008454106280192,0.0,1650.458,0.2,0.14000000000000004,1.0153383835221934,1649.4,12.79
Catar,0.7,Visitante,2026-06-24 00:01:00,1,1.4237714285714287,0.5448571428571428,4.285714285714286,4.714285714285714,1.8714285714285714,11.085714285714285,2.5142857142857142,0.7625714285714286,348.37142857142857,1.6,1.7142857142857142,1.154057142857143,0.5441630330364611,0.5004404465749004,0.515827664399093,0.5468820861678004,0.5488788352988199,0.5511111111111111,0.523952151374991,0.5066286030070772,0.4380952380952381,1.849102829537612,0.0,1449.3945714285715,0.4950000000000005,0.3350000000000002,1.5,3.0,1.0,12.0,3.5,0.745,237.5,0.5,0.0,2.6399999999999997,0.2883388181427958,0.1875,0.27500000000000013,0.8,0.30940135875486074,0.125,0.4976549318254281,0.1054438690491335,0.3333333333333333,1.6008454106280192,0.0,1454.96,0.53,0.32999999999999996,2.0,3.0,1.3333333333333333,12.0,4.0,0.7366666666666667,225.0,0.6666666666666666,0.3333333333333333,2.8266666666666667,0.24485745770923226,0.225,0.2602564102564103,0.7416666666666667,0.29796862706536803,0.25,0.4879975398389332,0.08913136071752015,0.3333333333333333,1.6008454106280192,0.0,1454.96,0.598,0.4119999999999999,1.6,3.0,1.5,12.4,3.4,0.792,296.8,0.4,0.4,2.304,0.2751550272464252,0.23499999999999996,0.3018681318681319,0.7283333333333333,0.3958111852239467,0.25,0.5020026231992019,0.2239305415803241,0.3333333333333333,1.6008454106280192,0.0,1454.96,0.0,-0.0040000000000000036,0.3476681650345163,1454.96,0.766
Canadá,0.75,Visitante,2026-06-24 00:01:00,1,1.6746666666666667,0.5217777777777778,4.8133333333333335,6.413333333333334,1.9711111111111113,14.0,2.1822222222222223,0.8121777777777778,346.4555555555556,2.0,1.8222222222222222,0.9688222222222223,0.6105832487747281,0.5936533533426189,0.6039308773219169,0.40784904622074275,0.530632801552348,0.6518518518518518,0.5099274539971366,0.7089201096095191,0.4037037037037037,1.6205448201825012,0.0,1452.3664444444444,3.13,0.6199999999999999,8.5,13.0,1.5,11.0,1.0000000000000004,0.855,393.0,3.5,1.5,0.6699999999999999,0.7757395743156512,0.8181818181818183,0.8638888888888889,0.1250000000000001,0.6277122879644588,0.6666666666666667,0.5011818013897644,0.6414172381590242,0.3333333333333333,1.6008454106280192,0.0,1556.48,2.4966666666666666,0.6166666666666667,7.0,11.666666666666666,1.6666666666666667,10.666666666666666,1.3333333333333333,0.8166666666666668,365.3333333333333,2.6666666666666665,1.3333333333333333,0.7733333333333334,0.7026800782013845,0.7359307359307358,0.8066951566951567,0.3055555555555555,0.6328593676332908,0.6111111111111112,0.5104537095138375,0.6195230721110401,0.3333333333333333,1.6008454106280192,0.0,1556.48,1.9259999999999997,0.608,5.4,10.8,1.8,10.0,1.6,0.826,381.4,2.2,1.6,0.974,0.6041060367358936,0.6548917748917749,0.774017094017094,0.3833333333333333,0.6275865446359933,0.6666666666666667,0.5132924851797115,0.6284601550588074,0.3333333333333333,1.6008454106280192,0.0,1556.48,0.2,0.49499999999999994,1.869028662420382,1556.48,7.64
Bosnia-Herzegovina,1.0,Local,2026-06-24 00:01:00,1,1.2625652173913045,0.4856521739130435,4.1521739130434785,4.869565217391305,2.3086956521739133,13.119565217391305,1.9282608695652175,0.8052826086956522,359.83043478260873,1.2173913043478262,1.173913043478261,1.270891304347826,0.49109545207501915,0.5187787755722538,0.52589205226505,0.4499126568691786,0.4930717358535678,0.46526915113871636,0.4958969486827112,0.5870368805994319,0.3079710144927536,1.3642091997479522,0.0,1373.9139130434783,0.4549999999999998,0.4599999999999999,4.0,4.0,1.5,13.5,2.5,0.845,369.5,2.0,1.5,1.4150000000000005,0.28470109923204334,0.4625000000000001,0.4000000000000001,0.5,0.453309960067729,0.475,0.47220887363649855,0.5929418427233634,0.3333333333333333,1.6008454106280192,0.0,1385.84,0.6300000000000002,0.4366666666666667,3.6666666666666665,4.0,2.0,15.666666666666666,2.0,0.7733333333333333,303.6666666666667,1.6666666666666667,1.3333333333333333,1.3533333333333335,0.3376137041637454,0.4511904761904762,0.36923076923076925,0.4444444444444444,0.4211554643881678,0.48333333333333334,0.47180674050367105,0.5367163151438851,0.3333333333333333,1.6008454106280192,0.0,1385.84,1.0582,0.506,4.0,4.8,1.2,13.3,2.34,0.8186,396.24,1.2,1.2,1.1765999999999999,0.4643153138441719,0.5040476190476191,0.46013495276653166,0.4624864864864865,0.5118043589848125,0.49000000000000005,0.4782947974260748,0.64443907303209,0.3333333333333333,1.6008454106280192,0.0,1385.84,0.2,-0.39060000000000006,0.3603774234649952,1385.84,5.63
Ecuador,0.95,Local,2026-06-25 00:01:00,1,1.2679333333333334,0.5175555555555555,3.597777777777778,4.362222222222223,1.8311111111111111,13.164444444444444,2.208888888888889,0.7966222222222222,361.4488888888889,0.9777777777777777,1.488888888888889,0.9364888888888888,0.5595523165158973,0.5619272347352058,0.5472023464174967,0.4491858322266949,0.5196614493791144,0.5666666666666667,0.48941435435136654,0.647887761994502,0.29444444444444445,1.1962828770799785,0.0,1500.3664444444446,2.055,0.5700000000000001,9.0,6.0,2.0,10.999999999999998,2.5,0.865,446.5,1.0,2.0,0.575,0.755878867265469,0.6666666666666665,0.8,0.41666666666666663,0.5807460959149742,0.5833333333333333,0.51577364751962,0.607457579118471,0.3333333333333333,1.6008454106280192,0.0,1594.78,1.7099999999999997,0.5533333333333336,6.333333333333333,5.666666666666667,1.6666666666666667,11.666666666666666,2.6666666666666665,0.86,437.3333333333333,0.6666666666666666,1.3333333333333333,0.89,0.6377775125601814,0.5111111111111111,0.7416666666666667,0.5277777777777778,0.5583241946622701,0.38888888888888884,0.5138088565546305,0.5429363039618372,0.3333333333333333,1.6008454106280192,0.0,1594.78,1.8719999999999999,0.608,5.6,6.6,2.0,12.4,1.8000000000000003,0.8800000000000001,511.4,1.2,1.6,0.614,0.7489686784886043,0.6566666666666666,0.8116666666666668,0.3833333333333333,0.6241547348589013,0.5333333333333333,0.5157484355914728,0.5867688416293178,0.26666666666666666,1.4806763285024154,0.0,1594.1699999999998,0.4,-0.04300000000000002,1.6207476733792525,1594.78,14.18
Marruecos,0.6,Local,2026-06-25 00:01:00,1,1.8883863636363636,0.5588636363636363,5.1431818181818185,4.8,1.2818181818181817,13.368181818181819,1.6227272727272728,0.8722727272727273,445.30227272727274,2.488372093023256,2.4318181818181817,0.6967727272727273,0.7154806527515145,0.7248664533906191,0.6061629072056879,0.3445172882672883,0.5718574433946834,0.8045454545454546,0.5524980630070997,0.7945019604924273,0.5,1.9551218708827405,0.0,1646.3918181818183,2.38,0.64,6.5,7.0,0.5,9.0,0.5,0.89,538.5,2.5,3.0,0.5950000000000002,0.753326600926696,0.9230769230769231,0.8071428571428572,0.055555555555555663,0.6569770580296896,0.8333333333333333,0.557859655450266,0.8067230942548937,0.3333333333333333,1.6008454106280192,0.0,1755.87,2.04,0.59,5.333333333333333,5.333333333333333,0.3333333333333333,10.666666666666666,1.6666666666666667,0.88,498.6666666666667,2.0,2.3333333333333335,0.8166666666666665,0.6752457237730137,0.7403846153846153,0.6214285714285714,0.25925925925925924,0.5988910033561986,0.7222222222222222,0.5383224186331931,0.6462810046355376,0.3333333333333333,1.6008454106280192,0.0,1755.87,2.202,0.586,6.0,6.2,0.7999999999999999,10.0,1.4,0.8939999999999999,502.4,2.2,2.2,0.7,0.7156053973533503,0.7670879120879122,0.6003296703296703,0.22888888888888886,0.5974798380162847,0.7333333333333333,0.5478453590914633,0.6708290332851787,0.3333333333333333,1.6008454106280192,0.0,1755.87,0.2,0.002999999999999936,1.2603353031087148,1755.87,17.22
Alemania,1.0,Visitante,2026-06-25 00:01:00,1,2.278695652173913,0.6441304347826087,6.804347826086956,6.173913043478261,1.797826086956522,10.717391304347826,2.0434782608695654,0.8899999999999999,595.0217391304348,2.652173913043478,2.108695652173913,0.9217826086956522,0.7018834609247699,0.6778569860091599,0.6432427156532016,0.3192885013537187,0.6886932778051578,0.68574016563147,0.5291846007904599,0.7893627138357171,0.3840579710144928,1.7345358118042427,0.0,1670.5097826086956,1.2699999999999991,0.6,5.0,5.0,0.9,7.5,1.0,0.88,536.0,1.5,1.5,1.245,0.4731293542336548,0.6388888888888888,0.5636363636363637,0.2500000000000001,0.6127976104812269,0.4999999999999999,0.5253160076867315,0.6821823078806534,0.3333333333333333,1.6008454106280192,0.0,1730.37,2.2533333333333334,0.6166666666666667,7.333333333333333,6.0,1.3666666666666665,11.0,1.0,0.8766666666666666,542.0,3.3333333333333335,2.0,0.9666666666666667,0.6192352642335237,0.7116402116402116,0.6720538720538722,0.23333333333333336,0.6294248822665914,0.625,0.5408837913077196,0.7792916935326174,0.3333333333333333,1.6008454106280192,0.0,1730.37,2.2399999999999998,0.6,6.4,5.8,1.6199999999999999,10.2,1.2,0.874,525.2,2.8,2.4,0.89,0.660910346778365,0.6984126984126984,0.575027195027195,0.25999999999999995,0.6121941017733544,0.6416666666666667,0.5383431586374761,0.7700364260614269,0.3333333333333333,1.6008454106280192,0.0,1729.1259999999997,0.2,-0.41500000000000004,0.557336386185842,1730.37,36.42
Escocia,1.0,Local,2026-06-25 00:01:00,2,1.2575625,0.484375,3.8958333333333335,4.916666666666667,1.78125,11.375,2.8125,0.830625,385.8333333333333,1.5416666666666667,1.7291666666666667,1.3167083333333334,0.49900960108557385,0.48777293308543307,0.5509575255898785,0.5654017857142858,0.479330048398382,0.5909722222222222,0.5050422589575332,0.482204019414658,0.4201388888888889,1.544207930756844,0.0,1475.8385416666667,0.7849999999999996,0.4349999999999999,2.5,4.5,1.0,10.5,3.0,0.875,419.0,0.0,0.0,2.669999999999999,0.2684552289815448,0.17857142857142858,0.41208791208791207,0.75,0.41824976642790396,0.0,0.46005928653682465,0.21529350556242882,0.3333333333333333,1.6008454106280192,0.0,1498.35,0.8733333333333332,0.4433333333333333,2.3333333333333335,4.0,1.6666666666666667,14.0,2.6666666666666665,0.8566666666666666,381.6666666666667,0.3333333333333333,1.0,2.1266666666666665,0.34643426748689915,0.28571428571428575,0.4175824175824176,0.7222222222222222,0.43066304903304387,0.3333333333333333,0.4857166782542152,0.39448685811441625,0.3333333333333333,1.6008454106280192,0.0,1498.35,1.332,0.454,3.8,5.0,1.48,13.4,2.8,0.8719999999999999,391.0,1.0,1.2,1.722,0.45748554260981533,0.4311688311688312,0.5005494505494505,0.6690476190476191,0.4432583120744266,0.4,0.49688536208626743,0.4673503316982005,0.3333333333333333,1.6008454106280192,0.0,1500.0339999999999,0.2,-0.23399999999999999,0.6242234481387602,1498.35,6.55
Corea del Sur,0.7,Visitante,2026-06-25 00:01:00,1,1.8215555555555556,0.6655555555555556,5.666666666666667,7.2444444444444445,1.3466666666666667,11.466666666666667,1.488888888888889,0.820288888888889,517.7355555555555,1.8444444444444446,1.9333333333333333,0.708,0.7287053364733058,0.7062626262626263,0.7174943683767214,0.2778691678691679,0.6761095640022003,0.6470370370370371,0.5380289147319992,0.7921782995471356,0.4185185185185185,1.670155662909286,0.0,1541.2555555555555,0.91,0.63,2.5,4.0,1.5,8.0,3.0,0.865,564.5,0.0,0.0,0.8399999999999999,0.5379885814668424,0.380952380952381,0.8,0.6,0.6406458640803991,0.0,0.5061008784193088,0.5796086809338015,0.3333333333333333,1.6008454106280192,0.0,1588.66,1.3733333333333333,0.6233333333333334,3.6666666666666665,4.0,1.3333333333333333,8.333333333333334,3.0,0.8666666666666667,532.6666666666666,0.6666666666666666,1.0,0.8366666666666666,0.6036004813612815,0.45396825396825397,0.6814814814814816,0.5428571428571428,0.6507500801070091,0.2222222222222222,0.5087748504551831,0.5280525969264792,0.3333333333333333,1.6008454106280192,0.0,1588.66,1.1960000000000002,0.608,4.0,5.2,1.6,10.6,1.8,0.8540000000000001,485.8,0.6,1.2,0.608,0.6695457715510889,0.6057142857142856,0.6888888888888889,0.32571428571428573,0.6267195492062279,0.3333333333333333,0.5186169609466996,0.5791113362199637,0.3333333333333333,1.6008454106280192,0.0,1590.818,0.4,0.016000000000000025,0.4995730145175064,1588.66,5.35
República Checa,1.0,Local,2026-06-25 00:01:00,2,1.605,0.5023913043478261,4.8478260869565215,5.586956521739131,1.7413043478260868,13.434782608695652,2.2804347826086957,0.7902173913043479,357.10869565217394,1.5,1.4782608695652173,1.1274565217391304,0.574931976829529,0.5602433496455236,0.6176226852857287,0.42846739515743726,0.5041971341161766,0.5409420289855073,0.5154307711671064,0.579871158551257,0.39855072463768115,1.6287019533711407,0.0,1487.0604347826086,0.75,0.4499999999999999,2.0,5.0,0.5,10.5,2.5,0.8200000000000001,302.5,0.5,0.5,1.565,0.3201233183856502,0.2976190476190476,0.6666666666666666,0.6333333333333333,0.4254901960784314,0.25000000000000006,0.49199843390234255,0.6441010903457132,0.3333333333333333,1.6008454106280192,0.0,1501.38,0.7766666666666661,0.43,2.6666666666666665,5.0,0.3333333333333333,12.333333333333334,3.0,0.7799999999999999,278.3333333333333,0.6666666666666666,0.3333333333333333,1.8099999999999998,0.30180745187371355,0.33174603174603173,0.6296296296296297,0.6126984126984126,0.3933406266655446,0.27777777777777785,0.4899580244259177,0.6210872505931971,0.3333333333333333,1.6008454106280192,0.0,1501.38,1.1954000000000002,0.434,3.6,4.8,0.4,15.0,3.38,0.764,328.6,1.2,1.0,1.5703999999999998,0.4149830360492084,0.38571428571428573,0.705050505050505,0.6040245775729647,0.4048141088320717,0.4166666666666667,0.4991905296182864,0.6263886493443472,0.3333333333333333,1.6008454106280192,0.0,1498.5040000000001,0.0,-0.2897,0.4672897196261682,1501.38,7.24
Brasil,0.95,Visitante,2026-06-25 00:01:00,2,1.7026304347826087,0.5458695652173913,5.2956521739130435,4.660869565217391,1.8499999999999999,12.171739130434782,2.247826086956522,0.8368695652173913,442.8652173913043,1.673913043478261,1.9565217391304348,0.8017826086956521,0.6478131929226528,0.6614487470399403,0.547600286418456,0.362553566862786,0.5562336343378316,0.6652173913043479,0.536598200398929,0.8063267242059938,0.5217391304347826,1.734063222012182,0.0,1787.5065217391304,3.0450000000000004,0.5549999999999999,7.0,5.0,1.5,12.0,4.0,0.905,513.0,3.0,3.0,0.6400000000000002,0.8445165945165947,0.6339285714285715,0.4807692307692308,0.55,0.5690384988001729,1.0,0.5586005045130805,0.8940836218958361,0.3333333333333333,1.6008454106280192,0.0,1761.16,2.4499999999999997,0.54,6.333333333333333,5.333333333333333,1.6666666666666667,13.333333333333334,3.3333333333333335,0.8933333333333334,491.6666666666667,2.3333333333333335,2.3333333333333335,0.8800000000000002,0.7233164065225134,0.6309523809523809,0.5705128205128206,0.4777777777777776,0.5517860345303763,0.8333333333333334,0.5393176880090379,0.8209234727982823,0.3333333333333333,1.6008454106280192,0.0,1761.16,2.402,0.516,6.6,4.6,1.4,12.4,2.6,0.8880000000000001,457.2,2.4,2.6,0.804,0.743877829856842,0.6741269841269841,0.5673076923076923,0.3933333333333333,0.5222734164508698,0.7833333333333334,0.5307974251339778,0.8113611514786141,0.2666666666666666,1.2806763285024154,0.0,1761.02,0.4,0.35899999999999993,1.7884092389014443,1761.16,35.7
México,0.75,Visitante,2026-06-25 00:01:00,2,1.5851,0.58125,5.375,5.375,1.9975,13.9,1.825,0.85025,422.6,1.45,2.175,0.7174,0.6905892107532842,0.6824226263932147,0.6172358891108891,0.31638087606837606,0.604056803704685,0.7150000000000001,0.5354082451943578,0.6909810114735977,0.44375,1.4996527777777777,0.0,1650.1985,1.1350000000000005,0.44999999999999996,4.5,0.5,0.5,11.0,1.5,0.835,339.5,2.0,3.0,0.6950000000000001,0.5741948634325316,0.75,0.08333333333333354,0.3666666666666667,0.4573514545051547,1.0,0.5211753283229313,0.5422604380358986,0.3333333333333333,1.6008454106280192,0.0,1681.03,1.2433333333333334,0.5033333333333334,4.333333333333333,1.3333333333333333,0.6666666666666666,11.333333333333334,1.6666666666666667,0.8566666666666668,382.0,2.0,3.0,0.49000000000000016,0.6988138916390038,0.7222222222222222,0.3055555555555555,0.41111111111111115,0.5155459854572029,1.0,0.5275809050593941,0.6268791269753887,0.3333333333333333,1.6008454106280192,0.0,1681.03,1.502,0.554,5.6,3.8,1.0,12.8,1.6,0.882,436.0,2.6,3.0,0.42799999999999994,0.7607906465582422,0.7537878787878788,0.5047619047619047,0.31333333333333335,0.5651816150998757,0.9666666666666666,0.5330094180308861,0.5636724801869322,0.3333333333333333,1.6008454106280192,0.0,1681.03,0.8,-0.12799999999999997,0.7160431518516185,1681.03,7.38
Haití,0.75,Visitante,2026-06-25 00:01:00,1,1.4282580645161291,0.48709677419354835,4.590322580645162,4.651612903225806,1.9516129032258065,14.412903225806453,2.532258064516129,0.8134193548387098,336.0741935483871,2.3225806451612905,1.6774193548387097,1.0986451612903225,0.548014662704909,0.5899207675756132,0.5409217401520819,0.4251531340675389,0.4909535587891335,0.5728494623655914,0.5154603956293109,0.698129515827098,0.4301075268817204,1.8780193236714975,0.0,1281.5006451612903,0.44999999999999957,0.37,2.4999999999999996,2.5,3.0,16.0,5.0,0.815,265.0,1.0,0.0,2.755,0.1337015755751647,0.2644230769230769,0.3,0.6444444444444445,0.3557346767422334,0.16666666666666669,0.4234805534998289,0.08389977828684125,0.3333333333333333,1.6008454106280192,0.0,1291.71,0.6466666666666664,0.4266666666666667,2.3333333333333335,3.0,2.3333333333333335,18.333333333333332,3.6666666666666665,0.8266666666666667,299.0,0.6666666666666666,0.0,2.186666666666667,0.25500360221757395,0.3429487179487179,0.3904761904761904,0.5407407407407407,0.41865991308038114,0.11111111111111112,0.4366432151035539,0.13830866445176385,0.3333333333333333,1.6008454106280192,0.0,1291.71,0.7584,0.44399999999999995,2.1399999999999997,3.3200000000000003,1.9600000000000002,16.5,3.3200000000000003,0.8332,313.98,1.4,0.6,1.7116,0.3422417926669499,0.3276271542664985,0.44648083623693385,0.6399999999999999,0.4379422563616373,0.33333333333333337,0.45640526638746926,0.33226893851528755,0.3333333333333333,1.6008454106280192,0.0,1291.71,0.0,-0.14439999999999997,0.31506911193423043,1291.71,2.15
Sudáfrica,0.6,Local,2026-06-25 00:01:00,1,1.4514848484848486,0.5809090909090909,4.615151515151515,4.866666666666666,1.8242424242424242,11.245454545454546,1.5242424242424242,0.8606060606060606,427.21818181818185,1.4545454545454546,1.7575757575757576,0.7777575757575758,0.6159000068806885,0.6627377672832219,0.6326194694952697,0.35400182900182897,0.6057951481442334,0.6121212121212121,0.5286317432626948,0.6372608941680942,0.3939393939393939,1.5530120040989606,0.0,1407.5524242424244,1.27,0.47,4.0,4.5,1.5,8.499999999999998,2.0,0.855,392.5,1.0,2.0,0.9650000000000003,0.5676932367149758,0.5714285714285714,0.45,0.4,0.47651248533601476,0.75,0.4807253593554174,0.2340297906845867,0.3333333333333333,1.6008454106280192,0.0,1429.73,0.8733333333333334,0.44333333333333336,3.3333333333333335,3.3333333333333335,1.6666666666666667,9.333333333333334,2.0,0.84,352.3333333333333,0.6666666666666666,1.3333333333333333,1.1300000000000001,0.3957781751260012,0.4920634920634921,0.3833333333333333,0.4333333333333334,0.4403633077702436,0.5,0.4736862200595049,0.22398102550493482,0.3333333333333333,1.6008454106280192,0.0,1429.73,1.1292,0.5320000000000001,3.8600000000000003,3.72,1.34,9.76,1.56,0.8474,402.3,0.6,1.2,0.8836,0.5250362571327576,0.6174603174603175,0.4746680080482898,0.3572972972972973,0.5395364428590237,0.5,0.4991469664366379,0.4844459683680875,0.3333333333333333,1.6008454106280192,0.0,1429.73,0.2,-0.15060000000000007,0.8749660744483183,1429.73,1.89
Costa de Marfil,0.6,Visitante,2026-06-25 00:01:00,2,1.9498823529411766,0.5644117647058824,5.18235294117647,5.861764705882353,1.2735294117647058,12.66764705882353,1.8794117647058823,0.8771176470588236,467.93529411764706,2.0588235294117645,2.323529411764706,0.7105,0.7098603151827814,0.6420281956672784,0.6054545086266333,0.4143024864133642,0.5852023116510182,0.7686274509803921,0.5434578727550698,0.8764722847183913,0.5049019607843137,1.7946149474282467,0.0,1472.5338235294118,1.2649999999999997,0.52,2.5,4.5,1.1,6.5,3.5,0.87,462.4999999999999,1.5,1.5,1.1949999999999998,0.5580199321383525,0.41111111111111115,0.43636363636363634,0.75,0.526104752144403,0.6666666666666667,0.5059498026674802,0.6541833825208745,0.3333333333333333,1.6008454106280192,0.0,1532.98,1.3499999999999994,0.5066666666666667,3.0,4.0,1.7333333333333332,7.666666666666667,2.6666666666666665,0.86,440.6666666666667,1.3333333333333333,2.0,1.1366666666666667,0.5714883537090328,0.5407407407407409,0.41590909090909084,0.5833333333333334,0.5129097040439811,0.7777777777777777,0.5006734435701029,0.6314910037977265,0.3333333333333333,1.6008454106280192,0.0,1532.98,1.4911999999999996,0.4800000000000001,3.2,3.7600000000000002,1.48,9.22,2.94,0.8554,414.3,1.6,2.4,0.9826,0.6167020442191188,0.5267043314500942,0.41106444188722674,0.6138095238095238,0.48268086514279374,0.8,0.5138371963737385,0.6299497764459381,0.3333333333333333,1.6008454106280192,0.0,1532.98,0.0,-0.08759999999999997,0.6487570894171591,1532.98,20.08
Curazao,0.75,Local,2026-06-25 00:01:00,2,1.669103448275862,0.49448275862068963,5.675862068965517,4.210344827586207,1.9241379310344826,13.675862068965518,2.5448275862068965,0.7964137931034483,340.4068965517241,2.2758620689655173,1.8620689655172413,1.0077586206896552,0.57890132878272,0.5946087679715859,0.5083614824128422,0.42125087148530466,0.512419622261969,0.6663793103448276,0.5313343640498925,0.7405947203120021,0.3850574712643678,1.6385140762951855,0.0,1281.5068965517241,0.5,0.31,2.5,2.0,3.5,10.5,8.0,0.7649999999999999,227.0,0.0,0.5,2.075,0.21297184636252356,0.2833333333333334,0.2,0.5833333333333334,0.2803515414593961,0.25,0.4529605421261683,0.0561767304800011,0.3333333333333333,1.6008454106280192,0.0,1294.65,0.47000000000000025,0.32333333333333336,2.333333333333332,1.6666666666666667,2.9333333333333336,10.666666666666666,6.666666666666667,0.7833333333333332,245.33333333333334,0.3333333333333333,0.3333333333333333,2.7900000000000005,0.17149886949726198,0.23650793650793647,0.1703703703703704,0.6555555555555556,0.2993412190271572,0.20833333333333334,0.44463390856754703,0.04628099870781891,0.3333333333333333,1.6008454106280192,0.0,1294.65,1.3547999999999998,0.37799999999999995,4.9,2.48,2.5200000000000005,13.219999999999999,4.34,0.7684,262.38,1.0,1.0,1.9642000000000004,0.37560448887160947,0.4923949579831933,0.3316339869281046,0.4530516431924882,0.372883324891849,0.425,0.48330454345408713,0.3712488345491414,0.6,1.7605072463768117,0.0,1294.824,0.2,-0.4703999999999999,0.29956201966779605,1294.65,0.991
Senegal,0.6,Local,2026-06-26 00:01:00,1,1.8226829268292684,0.5826829268292683,6.153658536585366,6.0512195121951216,1.6097560975609757,13.292682926829269,2.0585365853658537,0.8768536585365854,454.0243902439024,1.9024390243902438,2.2195121951219514,0.8046341463414635,0.6816016288871835,0.6833761667640311,0.6353974127824081,0.32583301796099823,0.6087875473816214,0.743089430894309,0.5554861795994444,0.8463621155507268,0.43089430894308944,1.634661835748792,0.0,1624.2958536585368,2.3599999999999994,0.635,8.0,8.0,1.65,7.5,2.0,0.88,473.5,3.5,1.5,1.1649999999999998,0.697008547008547,0.6433566433566434,0.6222222222222222,0.3625,0.6707252079693535,0.7,0.5299315710352037,0.702613115498819,0.3333333333333333,1.6008454106280192,0.0,1688.99,1.7499999999999993,0.58,6.0,6.666666666666667,1.6666666666666667,8.0,3.0,0.8733333333333332,459.0,2.6666666666666665,1.0,1.37,0.5411514411514412,0.49557109557109563,0.5481481481481482,0.47976190476190483,0.6004478213556831,0.5499999999999999,0.5111530332656736,0.5480501624004512,0.3333333333333333,1.6008454106280192,0.0,1688.99,1.6074000000000002,0.59,6.4,5.8,1.8,9.84,3.2399999999999998,0.8772,477.62,2.2,1.4,1.1834,0.5336023199677424,0.5608041958041958,0.587979797979798,0.4486561441055823,0.613092257083081,0.58,0.5343039072394373,0.6817519529498053,0.3333333333333333,1.6008454106280192,0.0,1692.5580000000002,0.2,0.2565999999999999,1.2947945938712695,1688.99,18.39
Francia,1.0,Visitante,2026-06-26 00:01:00,2,1.9224137931034482,0.5741379310344827,6.086206896551724,6.086206896551724,1.3810344827586205,9.982758620689655,2.0344827586206895,0.891896551724138,543.8620689655172,2.1724137931034484,2.1206896551724137,0.9377758620689655,0.6675660059252145,0.6817090420285146,0.6364740144912558,0.33156484320277424,0.5965747860701986,0.6999042145593869,0.5465849546914032,0.826741546137497,0.4396551724137931,1.618857238047643,0.0,1821.8268965517243,2.085,0.565,7.0,4.5,0.5,9.5,1.5,0.88,510.0,3.5,3.0,1.1600000000000001,0.6401500759878419,0.846153846153846,0.6111111111111109,0.1875,0.5749318835830828,0.9,0.55615031823817,0.8535427460891002,0.3333333333333333,1.6008454106280192,0.0,1877.32,1.9833333333333334,0.5533333333333333,7.333333333333333,5.0,0.6666666666666666,8.0,1.6666666666666667,0.8799999999999999,508.3333333333333,3.3333333333333335,3.0,0.9499999999999998,0.6836209741794846,0.8307692307692308,0.6074074074074075,0.22023809523809523,0.5633235730126079,0.85,0.5462348929165753,0.8227204119914949,0.3333333333333333,1.6008454106280192,0.0,1877.32,1.938,0.596,6.6,5.6,0.44000000000000006,7.6,1.4,0.898,578.8,2.8,2.4,1.046,0.6360849551026925,0.7746520146520146,0.6911111111111111,0.2321428571428572,0.610211895117542,0.7266666666666667,0.5537405469211926,0.8313925444216317,0.3333333333333333,1.6008454106280192,0.0,1877.32,0.0,0.10499999999999998,1.08457399103139,1877.32,58.58
Paraguay,0.95,Local,2026-06-26 00:01:00,X,0.926439024390244,0.4451219512195122,3.231707317073171,3.992682926829268,2.2975609756097564,13.524390243902438,2.4292682926829268,0.7328536585365854,293.68536585365854,0.7560975609756098,1.170731707317073,1.242439024390244,0.43733654938557986,0.4566927454864127,0.46692261222001286,0.5023685823550834,0.42988578851207315,0.44268292682926824,0.4815518258838153,0.45749438450062124,0.20528455284552843,0.8482973960174384,0.0,1459.4309756097562,0.28500000000000003,0.325,2.0,0.5,1.0,12.0,5.0,0.655,213.0,0.5,2.0,1.3599999999999999,0.21789873417721517,0.2857142857142857,0.125,0.7738095238095237,0.28812619274809154,0.75,0.48604613948397357,0.4548576164821502,0.3333333333333333,1.6008454106280192,0.0,1503.5,0.3466666666666667,0.3333333333333334,1.6666666666666667,0.6666666666666666,2.3333333333333335,13.666666666666666,4.333333333333333,0.68,219.33333333333334,0.6666666666666666,1.3333333333333333,1.3533333333333335,0.23182199221390773,0.2380952380952381,0.16666666666666666,0.8492063492063492,0.29644760128325315,0.5666666666666665,0.4817975334592477,0.3982239461857857,0.3333333333333333,1.6008454106280192,0.0,1503.5,1.1652,0.42000000000000004,4.8,3.8,2.6,12.2,3.0,0.7494,306.74,1.4,1.4,1.0578,0.4232347584208241,0.4701298701298701,0.45,0.5595238095238095,0.40844059124049253,0.6066666666666667,0.49664998639134605,0.48438079784423127,0.3333333333333333,1.6008454106280192,0.0,1503.1,0.2,-0.48860000000000003,0.30762952822240947,1503.5,5.91
Países Bajos,1.0,Visitante,2026-06-26 00:01:00,2,1.9883833333333334,0.5881666666666666,5.833333333333333,5.816666666666666,1.45,11.633333333333333,2.1333333333333333,0.8836666666666667,511.1,2.45,2.066666666666667,0.9428,0.6486319325016406,0.6336192048692049,0.6173771109065227,0.40017857142857144,0.6210775991479518,0.6950793650793651,0.5427215250470916,0.736785820764719,0.4444444444444445,2.1568538647342996,0.0,1713.0511666666669,2.22,0.6099999999999999,7.0,4.0,0.65,9.5,5.0,0.91,500.0,4.0,3.0,0.8150000000000002,0.734094543161498,0.5515151515151515,0.4428571428571429,0.6031746031746033,0.637967362930724,0.791666666666667,0.5397698614856781,0.7825765795312458,0.3333333333333333,1.6008454106280192,0.0,1757.87,1.7433333333333338,0.6066666666666668,6.666666666666667,4.333333333333333,1.4333333333333333,8.666666666666666,3.6666666666666665,0.9,487.6666666666667,3.3333333333333335,2.3333333333333335,0.7399999999999999,0.6802176181463128,0.58989898989899,0.4804232804232804,0.46878306878306875,0.6313640897508788,0.6944444444444445,0.5312641405604137,0.7669624571970077,0.3333333333333333,1.6008454106280192,0.0,1757.87,2.408,0.5980000000000001,6.0,4.4,1.26,10.0,2.4,0.8940000000000001,479.8,2.4,2.0,0.736,0.7371755147080125,0.6639393939393939,0.5215873015873016,0.3098412698412698,0.6224436720334083,0.55,0.5336621069253857,0.7890516101887994,0.3333333333333333,1.6008454106280192,0.0,1757.87,0.2,-0.27199999999999996,1.1164849165570019,1757.87,29.01
Irak,0.7,Visitante,2026-06-26 00:01:00,1,1.17075,0.49022727272727273,3.1454545454545455,4.406818181818182,1.4454545454545455,11.715909090909092,2.5568181818181817,0.7823181818181818,320.4977272727273,1.2727272727272727,1.6363636363636365,1.2175,0.48303818732839443,0.4861132554314373,0.5356263935148713,0.561434371051596,0.4976854843828335,0.5696969696969697,0.5152637568855727,0.5030893707723951,0.375,1.469381313131313,0.0,1395.749090909091,0.3800000000000001,0.3749999999999999,0.5,2.5,1.5,7.5,4.5,0.7749999999999999,298.5,0.0,0.0,2.84,0.11644714623438035,0.03846153846153855,0.2666666666666668,0.9375,0.34792523946453346,0.0,0.44837105060428106,0.0280792795724501,0.3333333333333333,1.6008454106280192,0.0,1447.14,0.52,0.38000000000000006,0.6666666666666666,2.3333333333333335,1.3333333333333333,9.0,3.6666666666666665,0.7866666666666666,289.3333333333333,0.3333333333333333,0.0,2.733333333333333,0.15795271596348248,0.08119658119658128,0.273015873015873,0.9583333333333334,0.3527166480565695,0.06666666666666675,0.4598103407059814,0.030277344291298042,0.3333333333333333,1.6008454106280192,0.0,1447.14,0.5814,0.38,1.8,2.4,1.4,9.0,3.6799999999999997,0.8039999999999999,292.74,0.4,0.2,2.136,0.2240432799881579,0.21538461538461542,0.3188095238095238,0.835,0.3553360672226978,0.13999999999999999,0.4622531805274484,0.06509794074421027,0.3333333333333333,1.6008454106280192,0.0,1447.14,0.0,-0.0657,0.3245782617979929,1447.14,0.815
EE. UU.,0.75,Visitante,2026-06-26 00:01:00,1,1.4523783783783784,0.5618918918918918,4.621621621621622,5.108108108108108,1.6027027027027025,12.297297297297296,2.2162162162162162,0.8362162162162162,400.2972972972973,1.5405405405405406,1.5675675675675675,0.9290270270270269,0.6085959472122996,0.573067958362076,0.5979454479454479,0.4413176163176163,0.5774783317772115,0.5640283140283141,0.5246344220973875,0.771257124442494,0.3963963963963964,1.558183183183183,0.0,1629.7586486486487,1.6000000000000005,0.575,4.5,8.0,2.0,12.5,1.0,0.85,421.0,2.0,1.5,1.67,0.587312940140845,0.6,0.7272727272727273,0.3333333333333334,0.6063286685227138,0.7000000000000002,0.5127646181302008,0.6406961701130015,0.3333333333333333,1.6008454106280192,0.0,1673.13,1.513333333333333,0.6,5.0,6.333333333333333,1.6666666666666667,12.666666666666666,0.6666666666666666,0.85,450.3333333333333,2.6666666666666665,2.0,1.27,0.6383191239981324,0.6857142857142856,0.7348484848484849,0.22222222222222224,0.6331889728972838,0.7333333333333334,0.5174096382835353,0.665478578210982,0.3333333333333333,1.6008454106280192,0.0,1673.13,1.2420000000000004,0.544,4.4,6.2,1.4,12.8,1.4,0.8460000000000001,418.2,1.8,1.2,1.216,0.5577062446733166,0.5864285714285714,0.6475757575757576,0.31333333333333335,0.5620424427094374,0.5066666666666667,0.506483506298326,0.5125995699947451,0.3333333333333333,1.6008454106280192,0.0,1674.8799999999999,0.4,0.29700000000000004,1.1016412966615807,1673.13,14.83
Túnez,0.6,Local,2026-06-26 00:01:00,2,1.3638684210526315,0.5271052631578947,3.9894736842105263,5.007894736842106,1.763157894736842,14.197368421052632,2.0342105263157895,0.8224473684210526,378.9684210526316,1.368421052631579,1.7894736842105263,1.0124473684210527,0.5618928632883182,0.575458782293032,0.5489424818025926,0.4497014734395531,0.5340418015434334,0.6206140350877193,0.537294019267668,0.6330572012321857,0.4912280701754386,1.5724637681159421,0.0,1491.9155263157895,0.3300000000000004,0.33499999999999996,2.0,3.5,2.35,9.5,2.5,0.785,241.5,0.5,0.0,1.9849999999999999,0.13523285002435276,0.18181818181818188,0.3875,0.7857142857142858,0.3006172408712712,0.125,0.46469379563919455,0.14502246220406312,0.3333333333333333,1.6008454106280192,0.0,1483.05,0.31,0.3933333333333333,2.0,3.0,1.9000000000000001,9.0,2.0,0.7866666666666667,258.3333333333333,0.6666666666666666,0.0,1.7699999999999998,0.14605585446758093,0.19528619528619529,0.36944444444444446,0.6904761904761904,0.3711717278323094,0.13888888888888887,0.474699026724551,0.14565305963795364,0.3333333333333333,1.6008454106280192,0.0,1483.05,0.446,0.386,1.8,2.6,1.7399999999999998,9.6,2.8,0.8,258.6,0.4,0.0,2.1000000000000005,0.18793420261979268,0.19922299922299921,0.35500000000000004,0.700952380952381,0.3683950537045817,0.0833333333333333,0.4734099539927496,0.15443390630561393,0.3333333333333333,1.6008454106280192,0.0,1483.05,0.0,-0.10300000000000002,0.24195882455091006,1483.05,2.69
Noruega,1.0,Local,2026-06-26 00:01:00,2,1.991488888888889,0.5402222222222222,5.4222222222222225,5.622222222222222,1.3022222222222222,10.022222222222222,2.0444444444444443,0.8506666666666667,442.64444444444445,2.2444444444444445,1.9333333333333333,0.9148,0.6424729998270934,0.6036609069942404,0.6422322738989406,0.40174492174492177,0.5501522536734501,0.6262962962962964,0.5151093227858969,0.7489418901245064,0.4444444444444444,1.592283950617284,0.0,1485.2666666666667,1.9449999999999998,0.4249999999999999,5.5,4.5,1.4,11.0,3.5,0.805,312.5,2.0,1.5,1.605,0.5463942307692307,0.472027972027972,0.49999999999999994,0.5125,0.40641766898303,0.3999999999999999,0.46554706012234537,0.41576485883963077,0.3333333333333333,1.6008454106280192,0.0,1550.94,2.1366666666666663,0.4866666666666668,5.333333333333333,4.666666666666667,0.9333333333333332,11.666666666666666,2.3333333333333335,0.8333333333333334,367.3333333333333,2.6666666666666665,2.0,1.3366666666666667,0.6172748687055916,0.5924630924630925,0.5714285714285715,0.3416666666666668,0.48351195757513943,0.5333333333333333,0.4828017331117696,0.5989520813167558,0.3333333333333333,1.6008454106280192,0.0,1550.94,1.988,0.51,5.0,6.2,0.76,10.6,2.8,0.8560000000000001,398.6,2.4,2.0,1.158,0.6164851625381043,0.5292873792873793,0.6714285714285714,0.45071428571428573,0.504835321564699,0.5700000000000001,0.484663653233177,0.5915317984894195,0.4666666666666666,1.7806763285024154,0.0,1550.94,0.2,-0.06700000000000002,0.9766562147806775,1550.94,22.69
Australia,0.7,Visitante,2026-06-26 00:01:00,X,1.4875333333333336,0.5193333333333333,4.4,4.866666666666666,1.537777777777778,10.933333333333334,2.1555555555555554,0.7612666666666666,373.24222222222227,1.8444444444444446,2.0,0.8805333333333334,0.6048282922471641,0.605040885040885,0.616460668960669,0.47615199615199616,0.5167921906354511,0.697037037037037,0.5331166533122869,0.65779610320674,0.4,1.6516371443907676,0.0,1516.574222222222,0.4450000000000005,0.47,3.5,3.5,2.5,11.0,1.5,0.7649999999999999,328.5,0.0,0.5,0.66,0.46781957568193977,0.6071428571428572,0.5568181818181817,0.3095238095238096,0.45031462104072406,0.25,0.4991513281596792,0.25126491417657576,0.3333333333333333,1.6008454106280192,0.0,1580.67,0.6899999999999998,0.40666666666666673,3.6666666666666665,4.0,1.6666666666666667,11.333333333333334,3.6666666666666665,0.7566666666666665,286.0,0.6666666666666666,1.3333333333333333,0.8933333333333332,0.46673536016591255,0.5158730158730159,0.49941724941724946,0.47301587301587306,0.38035328803033913,0.5,0.4984713427037086,0.21436528869633353,0.3333333333333333,1.6008454106280192,0.0,1580.67,0.8279999999999997,0.378,3.2,3.2,1.6,11.6,3.6,0.774,278.6,1.0,1.6,1.348,0.42064458788304354,0.45619047619047626,0.4240947940947941,0.5838095238095239,0.3528684722227432,0.5333333333333333,0.5015149188149571,0.2976899846341122,0.2666666666666666,1.2806763285024154,0.0,1575.446,0.2,-0.16699999999999998,0.29915296015775583,1580.67,2.98
Japón,0.7,Local,2026-06-26 00:01:00,X,1.999,0.6020454545454546,6.0659090909090905,5.986363636363635,1.1545454545454545,12.938636363636363,1.5636363636363635,0.8082272727272727,457.2795454545454,2.8372093023255816,2.25,0.5934772727272727,0.7496347435356856,0.7191525646071101,0.708070059924127,0.3153228715728716,0.6182052718330648,0.7435606060606061,0.5442829449831957,0.8300707203185609,0.553030303030303,2.0739459815546772,0.0,1589.5363636363638,1.67,0.5699999999999998,4.0,3.5,1.45,17.5,2.0,0.87,449.5,2.5,2.0,0.34,0.8178104371652759,0.6874999999999998,0.4125,0.3333333333333333,0.5975155279503106,0.75,0.5255755458899707,0.5974833647934703,0.3333333333333333,1.6008454106280192,0.0,1660.43,1.3100000000000005,0.5133333333333333,3.6666666666666665,3.6666666666666665,0.9666666666666667,14.0,2.6666666666666665,0.86,395.0,2.3333333333333335,1.6666666666666667,0.49000000000000027,0.6877190354048698,0.5694444444444445,0.4231481481481482,0.48888888888888893,0.525624504169811,0.6666666666666666,0.5122994643566856,0.4864108390194697,0.3333333333333333,1.6008454106280192,0.0,1660.43,1.3279999999999998,0.47800000000000004,4.0,4.0,1.3800000000000001,14.2,2.8,0.8539999999999999,395.0,1.8,2.2,0.65,0.6326025885177788,0.5483333333333333,0.416010101010101,0.51,0.48533191539569565,0.8,0.5066396179365001,0.4478097667680001,0.3333333333333333,1.6008454106280192,0.0,1656.306,0.2,-0.02899999999999999,0.8354177088544271,1660.43,10.42
Suecia,1.0,Visitante,2026-06-26 00:01:00,X,1.6572325581395349,0.5146511627906977,5.372093023255814,6.0,1.9767441860465116,12.093023255813954,2.86046511627907,0.9044186046511627,381.51162790697674,1.6744186046511629,1.372093023255814,1.3217209302325583,0.5382643208976458,0.544703411803275,0.5938875287199501,0.45727637995079856,0.5246464942138207,0.4976744186046511,0.5215362944514741,0.6793395517277272,0.43023255813953487,1.757737894618582,0.0,1543.0327906976745,0.825,0.4849999999999999,6.5,6.5,2.5,11.5,2.0,0.8200000000000001,336.5,1.0,0.5,1.9050000000000007,0.31286216964887326,0.5791666666666665,0.7571428571428571,0.2777777777777778,0.46389986824769425,0.33333333333333326,0.4699607969851565,0.4749175934712207,0.3333333333333333,1.6008454106280192,0.0,1514.77,0.9966666666666667,0.48666666666666664,6.666666666666667,5.666666666666667,1.6666666666666667,11.0,1.6666666666666667,0.8066666666666666,317.0,2.3333333333333335,1.3333333333333333,1.36,0.4860074919812365,0.6453703703703704,0.7269841269841271,0.3518518518518519,0.4718396782470009,0.5,0.48173736835834974,0.600973644145569,0.3333333333333333,1.6008454106280192,0.0,1514.77,1.01,0.488,6.0,3.8,1.2,9.0,2.2,0.834,373.0,2.0,1.0,1.624,0.43106705557521535,0.5816666666666667,0.5047619047619047,0.40539682539682537,0.48117595789866413,0.45,0.48916501502559884,0.5593967421910483,0.29999999999999993,1.5605072463768115,0.0,1514.77,0.2,-0.026000000000000002,0.49781788074823535,1514.77,15.62
Turquía,1.0,Local,2026-06-26 00:01:00,1,1.9316274509803923,0.5676470588235294,5.921568627450981,5.96078431372549,2.535294117647059,10.980392156862745,2.3529411764705883,0.8498039215686275,435.4313725490196,2.176470588235294,2.0588235294117645,1.1113725490196078,0.6361787694473833,0.6328707942098035,0.5951569944217003,0.40399551428963193,0.6007135876012779,0.6441176470588236,0.5230756376817527,0.7511572813985501,0.4967320261437908,2.0677512550914083,0.0,1514.497843137255,2.5850000000000004,0.6299999999999999,4.0,7.0,0.5,13.5,3.0,0.8300000000000001,447.0,1.5,1.5,1.225,0.7269687499999999,0.5071428571428571,0.5909090909090908,0.5833333333333333,0.6552305176884705,0.3,0.5020379142261464,0.6531812992282725,0.3333333333333333,1.6008454106280192,0.0,1599.04,2.1766666666666663,0.66,5.333333333333333,7.333333333333333,0.6666666666666666,10.333333333333334,2.6666666666666665,0.8533333333333334,509.6666666666667,1.0,1.0,1.21,0.6631235236220473,0.5603174603174603,0.599067599067599,0.45555555555555555,0.6900101377891238,0.19999999999999984,0.5023214855535084,0.7219321869068986,0.3333333333333333,1.6008454106280192,0.0,1599.04,2.1439999999999997,0.62,6.2,9.4,0.6,11.4,2.2,0.8640000000000001,473.4,1.8,1.8,0.986,0.7046190076977829,0.6517460317460317,0.7165834165834166,0.38190476190476197,0.6393145475228288,0.4533333333333333,0.5133040341614085,0.7913708236991158,0.3333333333333333,1.6008454106280192,0.0,1599.04,0.4,0.131,1.338249774141484,1599.04,18.22
Irán,0.7,Visitante,2026-06-27 00:01:00,X,1.687478260869565,0.5378260869565217,5.267391304347826,4.556521739130434,1.8347826086956522,11.93695652173913,2.1978260869565216,0.8061304347826087,379.1608695652174,2.108695652173913,2.217391304347826,0.8908478260869565,0.6330614672436424,0.6251444299052676,0.5821684461632313,0.4055253127156274,0.5545815086672811,0.7271739130434783,0.5435439826075841,0.5460335362495341,0.5181159420289855,1.748647868094938,0.0,1575.2932608695653,1.295,0.3450000000000002,3.5,2.0,2.5,12.5,4.5,0.75,239.5,0.5,1.0,1.3150000000000002,0.4791645132233724,0.43571428571428583,0.2666666666666667,0.5999999999999999,0.31238305761060203,0.5,0.49518347979862165,0.1352966272483636,0.3333333333333333,1.6008454106280192,0.0,1615.3,1.363333333333333,0.3899999999999999,3.6666666666666665,2.6666666666666665,2.0,11.666666666666666,5.0,0.7566666666666667,264.3333333333333,1.0,1.0,1.2900000000000003,0.5019247606403991,0.40158730158730155,0.4444444444444445,0.65,0.3599461929964401,0.5,0.5159895950052374,0.25098206522439925,0.3333333333333333,1.6008454106280192,0.0,1615.3,1.3828,0.4419999999999999,3.88,3.2,1.6800000000000002,12.24,3.7599999999999993,0.7942,334.48,1.6,1.8,1.0362,0.5762277396598127,0.4986192921776194,0.48733790999237225,0.5406354515050167,0.43040856896112556,0.65,0.5310628951304811,0.24770326302977935,0.3333333333333333,1.6008454106280192,0.0,1615.3,0.2,0.0324,0.7674172936205298,1615.3,1.23
Panamá,0.75,Local,2026-06-27 00:01:00,2,1.3764705882352941,0.5317647058823529,4.325490196078431,4.737254901960784,1.668627450980392,13.97843137254902,2.1176470588235294,0.819921568627451,366.6843137254902,1.7254901960784315,1.8235294117647058,1.0908039215686274,0.5315828951760002,0.5631993478346804,0.5348872552062532,0.44487175875114743,0.5416299558801221,0.5836134453781513,0.5204149302440955,0.5291097017418134,0.4052287581699346,1.4520815572605852,0.0,1444.7592156862745,0.605,0.3749999999999999,1.5,5.0,1.5,17.5,2.5,0.77,239.5,0.0,0.0,1.6099999999999999,0.27298206278026893,0.29166666666666674,0.538888888888889,0.5833333333333335,0.34129931434814165,0.0,0.4652723532851484,0.0533432975200247,0.3333333333333333,1.6008454106280192,0.0,1540.64,0.6466666666666666,0.4566666666666668,2.3333333333333335,4.0,1.6666666666666667,15.333333333333334,2.3333333333333335,0.7999999999999999,327.3333333333333,0.0,0.0,1.5099999999999998,0.3012690876051467,0.4166666666666667,0.525925925925926,0.5,0.4384343437373355,0.0,0.4880671112688844,0.07843776249884293,0.3333333333333333,1.6008454106280192,0.0,1540.64,0.9994,0.48200000000000004,3.4,5.4,1.4,13.84,2.62,0.8112,352.26,1.0,0.8,1.3077999999999999,0.4241912617498481,0.475,0.5602923976608187,0.49255345911949683,0.4735319540417082,0.2333333333333333,0.5157993307770042,0.22961094521112,0.4666666666666666,1.8806763285024153,0.0,1540.64,0.0,-0.2885,0.4395299145299145,1540.64,1.33
Cabo Verde,0.6,Local,2026-06-27 00:01:00,X,1.2194615384615384,0.5253846153846153,3.4384615384615387,5.411538461538461,1.3461538461538463,12.596153846153847,2.7807692307692307,0.8161923076923077,376.2769230769231,1.2307692307692308,1.6923076923076923,1.1668461538461539,0.5186674044001454,0.49858235319123934,0.5269446551219127,0.550640077914889,0.5316600596320049,0.5974358974358974,0.5230345647561164,0.6304854171101848,0.38461538461538464,1.3466415830546266,0.0,1345.8923076923077,1.1350000000000005,0.42999999999999994,3.0,4.0,1.5,7.0,1.5,0.79,293.0,1.0,1.0,1.35,0.5283804726850058,0.5333333333333334,0.4666666666666667,0.30000000000000004,0.4214324324324324,0.5,0.469792044859697,0.35284001977098606,0.3333333333333333,1.6008454106280192,0.0,1366.13,0.8266666666666663,0.37333333333333335,2.3333333333333335,3.0,1.3333333333333333,5.0,3.3333333333333335,0.7733333333333333,263.6666666666667,0.6666666666666666,1.0,1.6000000000000003,0.38255667875970084,0.39722222222222214,0.33888888888888885,0.4916666666666667,0.3537274079191011,0.5,0.45363338693734284,0.24947459354567536,0.3333333333333333,1.6008454106280192,0.0,1366.13,1.6942,0.514,5.4,5.0,1.4,7.2,2.3,0.8177999999999999,396.26000000000005,1.6,1.8,1.1548,0.581333737565673,0.6030392156862745,0.5583333333333333,0.3233018867924528,0.526691066424066,0.7,0.5036740880441894,0.5442584739382268,0.4666666666666666,1.6806763285024153,0.0,1365.546,0.4,-0.40800000000000003,0.9307386614520915,1366.13,2.1
Inglaterra,1.0,Visitante,2026-06-27 00:01:00,2,1.9944035087719298,0.6489473684210527,5.842105263157895,5.87719298245614,1.3210526315789473,9.333333333333334,1.368421052631579,0.8973684210526316,576.5087719298245,2.3508771929824563,2.1403508771929824,0.6481228070175438,0.7339716755416703,0.7438555353029037,0.7330754041280357,0.2681495405179616,0.6804749449288539,0.7353801169590642,0.556294504980518,0.8702863039041706,0.5116959064327485,2.0174485125858124,0.0,1771.0415789473684,1.4650000000000005,0.73,4.5,8.0,1.0,13.5,1.0,0.905,538.0,1.0,2.0,0.4149999999999999,0.7964623816641754,0.75,0.759090909090909,0.16666666666666669,0.7649859342191667,0.75,0.5589891156102792,0.914306640625,0.3333333333333333,1.6008454106280192,0.0,1825.97,2.0466666666666664,0.66,6.666666666666667,8.0,1.0333333333333334,12.333333333333334,1.6666666666666667,0.89,494.0,2.0,2.3333333333333335,0.5099999999999999,0.8046322101120077,0.7291666666666666,0.7727272727272728,0.2111111111111111,0.681951656273176,0.7222222222222222,0.5444487965460628,0.869105065728811,0.3333333333333333,1.6008454106280192,0.0,1825.97,2.514,0.7,6.4,8.6,0.8400000000000001,10.8,1.2,0.9019999999999999,519.6,2.0,2.6,0.336,0.8671019825467814,0.7975000000000001,0.8247474747474748,0.17666666666666667,0.7319937197034874,0.8333333333333334,0.5553286911943083,0.911567219601725,0.3333333333333333,1.6008454106280192,0.0,1825.97,0.6,-0.347,0.7345554666127148,1825.97,52.43
Nueva Zelanda,0.7,Local,2026-06-27 00:01:00,2,1.3918,0.497,4.375,4.76,1.705,13.385,2.185,0.8143499999999999,366.765,3.3,2.15,1.1053000000000002,0.5476272213530398,0.5299921954697316,0.5499958923592742,0.43623249657686064,0.4999386126136794,0.7340277777777777,0.5145167502437188,0.7603428322169433,0.5666666666666667,2.4155495169082126,0.0,1225.795,0.7400000000000002,0.45,3.5,4.5,2.0,12.0,4.5,0.825,353.0,1.0,0.0,2.755,0.23028474823482606,0.2916666666666667,0.478021978021978,0.6666666666666667,0.4334394774628684,0.20833333333333331,0.43768917608057084,0.14328372007025977,0.3333333333333333,1.6008454106280192,0.0,1281.57,0.9066666666666666,0.47333333333333333,4.999999999999999,3.3333333333333335,1.3333333333333333,10.666666666666666,3.6666666666666665,0.8300000000000001,360.6666666666667,1.3333333333333333,0.3333333333333333,2.3366666666666664,0.3043747469983999,0.4166666666666667,0.3853479853479853,0.5277777777777778,0.470602163719207,0.3055555555555555,0.4392588422475576,0.26807149965468297,0.3333333333333333,1.6008454106280192,0.0,1281.57,0.7696000000000001,0.43800000000000006,3.88,2.9200000000000004,1.7400000000000002,11.66,3.18,0.8221999999999999,326.03999999999996,0.8,0.2,1.9424,0.28998590533079277,0.40147540983606556,0.3412358914797939,0.5511111111111111,0.4287596057520517,0.18333333333333332,0.4456425753599572,0.24183521934243785,0.3333333333333333,1.6008454106280192,0.0,1281.57,0.0,-0.04160000000000005,0.531685587009628,1281.57,1.32
Uruguay,0.95,Local,2026-06-27 00:01:00,2,1.2477391304347827,0.5076086956521739,3.9586956521739127,4.8326086956521745,1.6456521739130436,12.280434782608696,2.4586956521739127,0.7781086956521739,349.7565217391304,1.173913043478261,1.5,0.9991521739130435,0.5403382026266154,0.5442805448197094,0.5359134375198195,0.46029899075345426,0.5029780714098819,0.5456521739130435,0.5180904481710725,0.6404548787506158,0.3641304347826087,1.359063222012182,0.0,1655.6821739130435,1.2549999999999997,0.49,1.5,6.0,2.5,12.5,1.0,0.79,324.0,1.0,0.5,0.8700000000000001,0.45640858815875096,0.41666666666666663,0.4380952380952381,0.5000000000000002,0.48196670934699115,0.2499999999999999,0.5109272684649953,0.5476031554650822,0.3333333333333333,1.6008454106280192,0.0,1673.07,1.41,0.55,4.333333333333333,8.666666666666666,1.6666666666666667,10.333333333333334,1.3333333333333333,0.82,396.0,1.0,0.6666666666666666,0.8000000000000002,0.5451687506492512,0.5341880341880342,0.5513227513227513,0.39393939393939403,0.5532699024512587,0.3333333333333333,0.520837923685017,0.6645919606004752,0.3333333333333333,1.6008454106280192,0.0,1673.07,1.298,0.5399999999999999,3.0,6.4,2.0,11.8,1.6,0.842,395.4,0.8,0.8,0.942,0.5456928498728699,0.5538461538461539,0.4398845598845599,0.43636363636363634,0.5445647155873685,0.4,0.5113520755340677,0.557100403651106,0.3333333333333333,1.6008454106280192,0.0,1672.8899999999999,0.2,-0.083,1.005819220851627,1673.07,13.82
Ghana,0.6,Visitante,2026-06-27 00:01:00,1,1.279529411764706,0.4847058823529412,3.3823529411764706,4.294117647058823,1.6470588235294117,13.658823529411764,2.4558823529411766,0.8234117647058823,353.5558823529412,1.2941176470588236,1.5,1.1588823529411765,0.5257360893292655,0.4768652915711739,0.5357062535695754,0.5837503183091419,0.49134927634090697,0.5486694677871149,0.5103075013208223,0.7489472224708409,0.392156862745098,1.5358411480534242,0.0,1369.9073529411764,0.405,0.3399999999999999,1.0,2.0,1.0,18.5,2.5,0.81,264.5,0.5,0.5,0.8899999999999996,0.35744234800838576,0.22499999999999998,0.2909090909090909,1.0,0.31772925053492196,0.4166666666666667,0.4319416842407402,0.2617384568760456,0.3333333333333333,1.6008454106280192,0.0,1346.31,0.706666666666667,0.35333333333333333,1.3333333333333333,2.0,1.0,15.333333333333334,3.0,0.8166666666666668,273.6666666666667,0.6666666666666666,1.3333333333333333,0.8366666666666669,0.45234718625395653,0.2611111111111111,0.3606060606060606,0.8888888888888888,0.33425136618470686,0.6111111111111112,0.44340891374837454,0.46495007376520386,0.3333333333333333,1.6008454106280192,0.0,1346.31,0.7300000000000001,0.36,2.4,2.6,1.2,13.6,3.4,0.828,282.6,0.6,1.0,1.14,0.3846151311614613,0.3362121212121212,0.35525252525252526,0.7238095238095237,0.34242392662210946,0.4666666666666667,0.44878867959320434,0.5036922027913949,0.3333333333333333,1.6008454106280192,0.0,1346.31,0.2,-0.029999999999999992,0.316522618609783,1346.31,9.01
Croacia,1.0,Local,2026-06-27 00:01:00,1,1.781406779661017,0.5798305084745763,5.627118644067797,5.3559322033898304,1.6305084745762712,10.779661016949152,2.6779661016949152,0.876271186440678,513.4067796610169,1.694915254237288,1.88135593220339,1.0546949152542373,0.6033219457468845,0.6030908855186023,0.5596969885105478,0.4126488859539707,0.6095098459344203,0.6331920903954802,0.5351746637826592,0.6260394482223806,0.43502824858757055,1.5874785065094572,0.0,1681.2937288135593,1.035,0.5549999999999999,3.0,2.5,1.0,10.5,0.5,0.875,454.5,1.5,3.0,0.5950000000000006,0.5731132075471698,0.7333333333333334,0.4111111111111111,0.25,0.5759855008977697,0.8333333333333333,0.5437968468638321,0.7706116049789298,0.3333333333333333,1.6008454106280192,0.0,1717.07,0.9233333333333335,0.53,3.6666666666666665,2.3333333333333335,1.4000000000000001,11.0,2.6666666666666665,0.87,430.0,1.6666666666666667,2.0,1.4666666666666666,0.44175151602888896,0.5930555555555556,0.34074074074074073,0.39999999999999997,0.5453626338047817,0.6666666666666666,0.5240751784366782,0.5875070980071424,0.3333333333333333,1.6008454106280192,0.0,1717.07,1.1300000000000001,0.566,3.6,3.6,1.56,10.2,2.8,0.874,462.4,1.4,1.8,1.454,0.4705825469297927,0.5158333333333334,0.4234920634920635,0.47571428571428565,0.581956069469211,0.5333333333333334,0.5224888046311488,0.5928793996114308,0.3,1.2605072463768114,0.0,1717.07,0.0,-0.157,0.5810014937727752,1717.07,14.9
Bélgica,1.0,Visitante,2026-06-27 00:01:00,2,1.9646346153846155,0.6055769230769231,6.096153846153846,6.961538461538462,1.501923076923077,9.807692307692308,2.25,0.8748076923076924,510.5576923076923,2.2884615384615383,1.8846153846153846,0.9307307692307693,0.6567252380211533,0.6528875347879873,0.6682169954228777,0.35465922965922964,0.6366338788703942,0.628021978021978,0.5512435803216997,0.7575533232103295,0.4217948717948718,2.038579988851728,0.0,1774.555,2.715,0.6199999999999999,8.5,6.0,0.5,7.0,2.0,0.87,497.5,2.5,2.0,0.4300000000000002,0.8404414595542627,0.7666666666666666,0.6410256410256412,0.23333333333333325,0.6425474227975129,0.6666666666666667,0.5464690201485944,0.9429185354641534,0.3333333333333333,1.6008454106280192,0.0,1734.71,2.2600000000000002,0.5933333333333333,6.666666666666667,4.666666666666667,1.0,9.666666666666666,2.0,0.8666666666666667,462.0,2.0,1.6666666666666667,0.6466666666666666,0.7454794915546937,0.6777777777777777,0.5014245014245015,0.2888888888888888,0.6109046310713578,0.611111111111111,0.5396448308795984,0.903475317038749,0.3333333333333333,1.6008454106280192,0.0,1734.71,2.3120000000000003,0.5740000000000001,7.2,6.4,1.2,10.2,1.6,0.86,445.2,2.6,2.2,0.6819999999999999,0.7209308389374061,0.7512820512820513,0.6151404151404151,0.25666666666666665,0.586793219856362,0.7666666666666667,0.5321189078323556,0.8365627032494188,0.26666666666666666,1.2806763285024156,0.0,1734.71,0.4,0.3370000000000001,1.381936355360656,1734.71,21.06
Egipto,0.6,Local,2026-06-27 00:01:00,X,1.4435526315789473,0.5302631578947368,4.7368421052631575,4.342105263157895,1.8605263157894738,12.476315789473684,2.231578947368421,0.8337105263157895,410.15263157894736,1.605263157894737,2.1315789473684212,0.847078947368421,0.6066555126477671,0.6282285696759381,0.4989256787244403,0.42592873672595033,0.5427119909931305,0.7285087719298246,0.5392583438971869,0.6647480245563899,0.5,1.7479023646071703,0.0,1509.8731578947368,1.355,0.585,5.0,5.5,2.0,9.5,3.0,0.87,486.5,2.0,2.0,1.6050000000000002,0.4501092789875387,0.505952380952381,0.6142857142857143,0.5,0.6116300421290166,0.625,0.5206583239722129,0.7785011172172233,0.3333333333333333,1.6008454106280192,0.0,1563.24,1.2633333333333334,0.5433333333333333,4.333333333333333,6.0,2.0,11.333333333333334,3.0,0.85,432.0,1.6666666666666667,1.6666666666666667,1.5200000000000002,0.4482210008065073,0.5039682539682538,0.6687830687830688,0.5333333333333333,0.5585470122129951,0.5833333333333334,0.5051067318676067,0.5774711180821687,0.3333333333333333,1.6008454106280192,0.0,1563.24,1.066,0.5319999999999999,3.8,5.2,1.6,11.4,2.8,0.85,418.4,1.4,1.6,1.512,0.43448348357894223,0.5068253968253968,0.5671789321789322,0.53,0.5426217018523551,0.6166666666666667,0.49832906402971056,0.4445219673876597,0.3333333333333333,1.6008454106280192,0.0,1563.24,0.0,0.089,0.9386564579345548,1563.24,4.48
Arabia Saudí,0.7,Visitante,2026-06-27 00:01:00,X,1.3076400000000001,0.5722,3.9,4.18,1.8659999999999999,10.2,2.56,0.76336,386.026,1.26,1.72,1.00654,0.5545211125527555,0.5396716616716617,0.48503463203463204,0.48346681096681093,0.5742540628491333,0.6056666666666666,0.5118108578072387,0.5431553187055972,0.4233333333333333,1.4758574879227053,0.0,1411.2202,0.2599999999999998,0.41000000000000003,2.0,1.5,2.5,9.0,3.5,0.81,326.5,0.0,0.5,1.8449999999999998,0.13629953299116837,0.3555555555555556,0.23809523809523808,0.6166666666666667,0.3953742203742204,0.25000000000000006,0.4704694304045375,0.22916743983616678,0.3333333333333333,1.6008454106280192,0.0,1421.43,0.39333333333333337,0.38333333333333347,2.3333333333333335,2.3333333333333335,2.0,9.666666666666666,5.333333333333333,0.7833333333333333,296.3333333333333,0.3333333333333333,0.6666666666666666,1.8033333333333328,0.18330333011736155,0.31396011396011403,0.2328042328042328,0.683838383838384,0.364957384029549,0.3333333333333333,0.4667598755613381,0.18658843626702412,0.3333333333333333,1.6008454106280192,0.0,1421.43,0.732,0.43599999999999994,3.2,2.6,2.0,11.8,4.4,0.8140000000000001,336.6,0.8,1.2,1.2199999999999998,0.4223794166028048,0.43480463980463985,0.3325396825396826,0.5714141414141414,0.427184162041743,0.5,0.48760559945222326,0.32283621457341144,0.3333333333333333,1.6008454106280192,0.0,1421.43,0.4,-0.292,0.19883148267107137,1421.43,1.56
España,1.0,Visitante,2026-06-27 00:01:00,2,2.065551724137931,0.6556896551724138,6.017241379310345,6.120689655172414,1.5999999999999999,11.431034482758621,1.793103448275862,0.9037931034482759,650.4137931034483,2.2413793103448274,2.2758620689655173,0.7738275862068965,0.7250324068235336,0.6887345736863992,0.6858231328058914,0.35579812907399117,0.6988009488696757,0.7493773946360153,0.5390576297904386,0.7861947728985773,0.4683908045977011,1.888368315842079,0.0,1763.0855172413794,1.5799999999999994,0.67,4.5,6.0,0.5,12.0,1.5,0.905,610.5,2.5,3.0,0.165,0.8789114061650749,0.6944444444444444,0.857142857142857,0.5833333333333333,0.7012266378463561,1.0,0.5488112562707703,0.8703893849277649,0.3333333333333333,1.6008454106280192,0.0,1876.4,1.7533333333333336,0.6933333333333334,5.333333333333333,7.666666666666667,0.6666666666666666,11.333333333333334,1.3333333333333333,0.91,651.6666666666666,1.6666666666666667,2.3333333333333335,0.18000000000000008,0.8889712404736864,0.7546296296296297,0.876984126984127,0.4305555555555556,0.7280453056000912,0.8333333333333334,0.5587688138163021,0.8993450095868253,0.3333333333333333,1.6008454106280192,0.0,1876.4,1.722,0.6719999999999999,4.4,6.8,0.8,9.8,1.2,0.9120000000000001,639.6,1.8,2.2,0.396,0.829767771852745,0.6861111111111111,0.7711904761904761,0.5083333333333333,0.7017448984445636,0.75,0.5607969605092061,0.9309010612669981,0.3333333333333333,1.6008454106280192,0.0,1876.4,0.8,-0.075,0.7649287991853222,1876.4,47.03
Argentina,0.95,Visitante,2026-06-28 00:01:00,2,1.6780588235294118,0.5770588235294117,5.12156862745098,4.356862745098039,1.6470588235294117,12.070588235294117,1.9803921568627452,0.8465686274509804,502.3666666666667,1.8431372549019607,2.2745098039215685,0.8425098039215686,0.6538019962365531,0.660874259012245,0.5665125343063993,0.3789015996459663,0.5953122296936618,0.780392156862745,0.5428684093253284,0.8042947168421445,0.4738562091503267,1.575234441602728,0.0,1808.8256862745097,2.2450000000000006,0.635,4.5,3.5,1.0000000000000002,10.0,0.5,0.905,615.5,2.5,3.0,0.645,0.7768166089965397,0.8166666666666667,0.5,0.16666666666666666,0.6578429386053781,0.875,0.5572775055410149,0.8712874321377453,0.3333333333333333,1.6008454106280192,0.0,1874.81,1.9166666666666667,0.5833333333333334,4.999999999999999,3.0,1.1333333333333333,11.0,0.3333333333333335,0.9033333333333333,578.3333333333334,2.6666666666666665,3.0,0.5400000000000001,0.7820286827272529,0.8777777777777777,0.5,0.11111111111111106,0.5960127556963065,0.9166666666666669,0.5532350996017215,0.8337486968200505,0.3333333333333333,1.6008454106280192,0.0,1874.81,2.224,0.62,6.0,3.4,1.8800000000000001,12.4,0.4,0.914,620.0,2.6,3.0,0.706,0.7779320999787912,0.9016666666666666,0.5714285714285714,0.10666666666666666,0.6373573237039292,0.95,0.5635860934438783,0.8738564167457914,0.3333333333333333,1.6008454106280192,0.0,1874.81,0.4,-0.12700000000000006,1.3378553650927194,1874.81,31.06
Uzbekistán,0.7,Visitante,2026-06-28 00:01:00,1,1.6748823529411765,0.5120588235294118,4.955882352941177,5.538235294117648,1.6705882352941175,12.594117647058823,1.947058823529412,0.7814411764705882,377.7029411764706,1.7058823529411764,1.8529411764705883,1.0230294117647059,0.6075942519823458,0.5973463230547708,0.6345407760579928,0.38579951360389114,0.5152259714951635,0.6519607843137255,0.5177660034426214,0.7672363522454404,0.40196078431372545,1.617238562091503,0.0,1384.7473529411764,0.225,0.38,1.5,3.0,1.5,15.5,2.5,0.78,265.49999999999994,0.5,0.0,2.385,0.0860537419498113,0.19090909090909086,0.5333333333333332,0.5833333333333334,0.36022009237413877,0.125,0.4757862148809725,0.22524625960043787,0.3333333333333333,1.6008454106280192,0.0,1465.34,0.5366666666666667,0.38333333333333347,1.6666666666666667,3.0,1.3333333333333333,15.0,2.0,0.7733333333333334,257.99999999999994,0.6666666666666666,0.0,2.126666666666667,0.1969600156921726,0.23838383838383845,0.4984126984126984,0.5555555555555555,0.3580506583804303,0.16666666666666666,0.4718393747666847,0.22349303512821495,0.3333333333333333,1.6008454106280192,0.0,1465.34,0.716,0.396,1.6,3.0,1.4,14.8,1.8,0.776,269.0,0.6,0.0,2.366,0.26196721820651236,0.24969696969696967,0.45904761904761904,0.6333333333333333,0.37225140176899085,0.16666666666666669,0.47101182663363134,0.21448496842179016,0.3333333333333333,1.6008454106280192,0.0,1465.34,0.0,-0.231,0.13433779369929408,1465.34,3.28
Austria,1.0,Visitante,2026-06-28 00:01:00,X,1.7841764705882353,0.5733333333333333,5.372549019607843,4.509803921568627,1.688235294117647,12.137254901960784,1.9411764705882353,0.8443137254901961,436.62745098039215,1.9607843137254901,1.7450980392156863,1.008529411764706,0.6024700893200523,0.5935084283267674,0.5535278447043153,0.3867569249922191,0.6012761828632435,0.5843604108309991,0.5264653155481609,0.6137665627271934,0.40522875816993464,1.6717225537558018,0.0,1552.5368627450982,1.01,0.4049999999999999,2.0,3.0,1.5,10.0,2.0,0.865,373.5,1.5,0.5,2.0149999999999997,0.3274549954009899,0.2708333333333332,0.875,0.8333333333333334,0.388471015570236,0.25000000000000006,0.48202994706734115,0.3606225089111006,0.3333333333333333,1.6008454106280192,0.0,1593.45,1.2366666666666666,0.48000000000000004,2.6666666666666665,3.3333333333333335,1.3333333333333333,10.666666666666666,2.3333333333333335,0.8566666666666666,411.3333333333333,2.0,1.3333333333333333,1.4966666666666661,0.48031883414329557,0.34722222222222215,0.7738095238095237,0.8055555555555557,0.481966025032172,0.4166666666666665,0.4992989578659936,0.5482529584755816,0.3333333333333333,1.6008454106280192,0.0,1593.45,1.0859999999999999,0.516,2.6,3.2,1.4,11.0,2.2,0.86,411.0,1.6,2.0,1.242,0.47277560507028193,0.4083333333333333,0.6109523809523809,0.7633333333333334,0.5234425826856117,0.65,0.5027301860315434,0.6121672075893572,0.3333333333333333,1.6008454106280192,0.0,1591.862,0.2,0.13999999999999999,0.5660875012363589,1593.45,9.43
Jordania,0.7,Local,2026-06-28 00:01:00,2,1.1677714285714285,0.44,3.991428571428571,5.322857142857143,1.72,11.977142857142857,2.38,0.7531428571428571,293.18857142857144,1.7428571428571429,1.6285714285714286,1.1740000000000002,0.4859366075612639,0.5240270982150681,0.5537422126712903,0.4918135248146269,0.4354304469182992,0.5814285714285715,0.5067989431185598,0.5081477069184176,0.4095238095238095,1.7052449965493444,0.0,1328.9117142857144,0.7000000000000002,0.2750000000000001,2.5,1.5,2.0,12.000000000000002,3.5,0.76,204.5,1.0,0.0,2.01,0.25797010271209164,0.2666666666666666,0.17045454545454547,0.8333333333333333,0.24010237001242965,0.29166666666666663,0.44838693416869335,0.04889289612645111,0.3333333333333333,1.6008454106280192,0.0,1391.45,0.6200000000000004,0.30666666666666664,3.0,2.0,1.3333333333333333,10.333333333333334,2.6666666666666665,0.75,216.66666666666666,1.0,0.0,1.9033333333333335,0.2432978979320921,0.3444444444444444,0.2564935064935065,0.6388888888888888,0.2704162320229384,0.27777777777777773,0.4543122962913626,0.05809064488278604,0.3333333333333333,1.6008454106280192,0.0,1391.45,0.7636000000000001,0.34,3.0,3.2,1.6,12.14,2.68,0.7516,232.71999999999997,1.0,0.2,1.7326000000000001,0.3062055814829612,0.3638095238095238,0.3238961038961039,0.5948087431693989,0.31328095116794763,0.26666666666666666,0.45632381202697064,0.06634811897292478,0.3333333333333333,1.6008454106280192,0.0,1390.9460000000001,0.0,-0.09259999999999997,0.5994323742415347,1391.45,0.781
Colombia,0.95,Local,2026-06-28 00:01:00,X,1.3204,0.5335555555555556,4.388888888888889,4.766666666666667,1.7844444444444443,13.084444444444443,2.42,0.8156444444444445,388.0355555555555,1.4444444444444444,1.6444444444444444,0.9909555555555556,0.575829700258349,0.5729905550773264,0.5284588108878118,0.4547405362196615,0.544569174556805,0.5940740740740741,0.5154185185135925,0.6050780782373189,0.3296296296296296,1.2918008588298442,0.0,1656.2153333333333,1.3399999999999999,0.5950000000000001,7.5,5.0,1.5,12.0,1.5000000000000004,0.88,479.0,0.5,2.0,0.6449999999999996,0.6873904438789935,0.825,0.6349206349206349,0.1805555555555556,0.6108123965215155,0.75,0.5118118160539269,0.4544758256984897,0.3333333333333333,1.6008454106280192,0.0,1693.09,1.4299999999999997,0.6,6.333333333333333,4.666666666666667,1.3333333333333333,11.666666666666666,1.3333333333333333,0.8733333333333334,467.3333333333333,1.3333333333333333,2.3333333333333335,0.8166666666666668,0.652002774860364,0.7722222222222221,0.6137566137566137,0.28703703703703703,0.6226376675500059,0.75,0.5198926458565818,0.56298835507107,0.3333333333333333,1.6008454106280192,0.0,1693.09,1.582,0.626,6.0,4.4,1.2,10.8,1.6,0.874,484.2,1.8,2.6,0.766,0.6809738103335251,0.7261904761904762,0.6293650793650795,0.3522222222222222,0.6489133795849205,0.8,0.5291105163395042,0.7045443348828258,0.4666666666666666,1.8806763285024153,0.0,1693.09,0.2,-0.11699999999999999,1.0148439866707057,1693.09,11.63
Portugal,1.0,Visitante,2026-06-28 00:01:00,X,2.1843728813559324,0.6076271186440678,6.254237288135593,6.593220338983051,1.776271186440678,10.389830508474576,2.135593220338983,0.885593220338983,545.8644067796611,2.3389830508474576,2.1864406779661016,0.8535423728813559,0.6876594946452135,0.6726723232456034,0.6532361015871012,0.3762418372587864,0.6399942928329089,0.6876916868442292,0.5415853333921495,0.8208899437701084,0.5254237288135594,1.9083967903054122,0.0,1720.0983050847458,1.760000000000001,0.555,5.5,2.5,0.5,10.0,4.0,0.905,483.0,2.5,2.0,0.975,0.6317128699611624,0.5340909090909093,0.4428571428571426,0.5416666666666666,0.5683543353311398,0.75,0.5282247050197443,0.8452994784570289,0.3333333333333333,1.6008454106280192,0.0,1763.83,1.39,0.62,4.0,3.3333333333333335,1.3333333333333333,9.666666666666666,3.0,0.91,563.3333333333334,2.0,1.6666666666666667,0.9399999999999998,0.5636857729565644,0.4671717171717172,0.48042328042328036,0.6944444444444443,0.6415071702352684,0.6666666666666666,0.5334917810693041,0.8551619449140374,0.3333333333333333,1.6008454106280192,0.0,1763.83,1.47,0.6180000000000001,5.2,4.4,1.3599999999999999,9.6,2.6,0.906,537.6,2.0,2.2,0.7699999999999999,0.642611063810299,0.5636363636363637,0.5582539682539683,0.5233333333333332,0.6364342310919279,0.6666666666666666,0.5350172590853652,0.8677638608710291,0.3333333333333333,1.6008454106280192,0.0,1763.83,0.4,-0.03200000000000001,0.8057232421359739,1763.83,38.67
RD Congo,0.6,Local,2026-06-28 00:01:00,1,1.2651081081081081,0.49162162162162165,3.4162162162162164,4.772972972972973,1.3513513513513513,14.262162162162163,2.035135135135135,0.8132432432432433,363.2594594594595,1.2702702702702702,1.8108108108108107,0.8714864864864864,0.5796112274211449,0.5824556616070332,0.5541769676720889,0.46469626388792007,0.49075987349146605,0.6707207207207208,0.5227702254992179,0.7087762955650315,0.40540540540540543,1.4833855594725158,0.0,1417.1343243243243,1.27,0.46999999999999986,2.5,3.0,2.0,11.0,4.5,0.79,313.0,1.5,1.5,0.59,0.5948429442100327,0.45000000000000007,0.38888888888888884,0.6944444444444444,0.4606131757732059,0.375,0.48417726404535605,0.4749784362440435,0.3333333333333333,1.6008454106280192,0.0,1478.35,1.1366666666666665,0.3966666666666667,2.3333333333333335,3.3333333333333335,1.6666666666666667,10.666666666666666,3.0,0.7866666666666666,273.6666666666667,1.3333333333333333,1.3333333333333333,0.6099999999999998,0.587351436490899,0.5222222222222223,0.4074074074074073,0.46296296296296297,0.37780450383429526,0.4166666666666667,0.47477619830742945,0.3583566648866776,0.3333333333333333,1.6008454106280192,0.0,1478.35,0.9480000000000001,0.42400000000000004,3.0,4.2,1.2,11.4,2.6,0.8059999999999998,311.8,1.0,1.0,0.5860000000000001,0.580212652570674,0.5419047619047619,0.5,0.41349206349206347,0.4090180560802226,0.4166666666666667,0.48105538728741387,0.4015742907031486,0.3333333333333333,1.6008454106280192,0.0,1478.35,0.4,0.255,1.0038667777564143,1478.35,5.53
Argelia,0.6,Local,2026-06-28 00:01:00,X,1.979472222222222,0.5588888888888889,5.872222222222223,5.4944444444444445,1.6833333333333333,13.761111111111111,2.4972222222222222,0.8501666666666666,437.55277777777775,2.5,2.2777777777777777,0.9798055555555555,0.6390940266766008,0.5966568300635202,0.5504931820991947,0.4576403992768727,0.5802842630984193,0.7275132275132274,0.545456103969645,0.8238334233334669,0.49537037037037035,2.075516639828234,0.0,1507.806388888889,1.7800000000000002,0.685,6.5,5.0,0.5,4.5,1.5,0.9099999999999999,633.5,2.5,2.0,1.065,0.6377582928903787,0.6458333333333333,0.4545454545454546,0.16666666666666657,0.7135836758119561,0.5833333333333334,0.5123056132229507,0.7191971628247029,0.3333333333333333,1.6008454106280192,0.0,1564.26,1.2966666666666666,0.63,4.333333333333333,4.0,0.8666666666666667,5.666666666666667,2.0,0.9133333333333334,610.0,1.6666666666666667,1.3333333333333333,1.1300000000000001,0.4943545851973594,0.4305555555555556,0.46969696969696956,0.4444444444444445,0.6516049872485831,0.38888888888888884,0.4931536462409223,0.5599076998215818,0.3333333333333333,1.6008454106280192,0.0,1564.26,1.177,0.5700000000000001,3.88,3.56,1.1,7.779999999999999,2.9,0.8816,519.02,2.0,2.0,1.2734,0.4641924814945419,0.4322769953051644,0.41937092443421553,0.5306878306878307,0.5840179986156866,0.6333333333333334,0.4981799176981846,0.5740709300524879,0.3333333333333333,1.6008454106280192,0.0,1564.26,0.0,0.27549999999999997,0.8992295926242968,1564.26,9.88
